user_id,timestamp,timestamp_end,sequence_id,mean_hr_bpm,hr_std_bpm,hr_min_bpm,hr_max_bpm,hr_range_bpm,hr_slope_bpm_per_s,nn_quality_ratio,sdnn_ms,rmssd_ms,pnn50_pct,mean_nn_ms,cv_nn,lf_power_ms2,hf_power_ms2,lf_hf_ratio,total_power_ms2,spo2_mean_pct,spo2_min_pct,spo2_std_pct,accel_x_mean,accel_y_mean,accel_z_mean,accel_x_var,accel_y_var,accel_z_var,accel_mag_mean,accel_mag_var,accel_peak,total_steps,cadence_spm,activity_label,fatigue_level,rpe_raw
DiFQuLJHcnVnAAgH7PeYRBIMliv2,1774321388981,1774321418972,W0_1774321358990,92.8460,15.3438,71.1744,125.0000,53.8256,0.1961,0.6383,102.5998,136.5275,54.2373,662.9167,0.1548,3924.8389,5965.7112,0.6579,9890.5500,79.7863,59.1490,5.9719,-0.3496,-5.5694,4.5775,23.6005,25.1557,28.0455,10.2193,24.4601,73.7595,107,107.0321,Treadmill,0,0
DiFQuLJHcnVnAAgH7PeYRBIMliv2,1774321403984,1774321433972,W1_1774321373990,88.7143,12.8729,68.1818,115.3846,47.2028,0.2064,0.6579,99.3548,141.6325,51.0204,690.5600,0.1439,2017.6832,5851.3890,0.3448,7869.0723,81.8381,69.5948,4.5955,-0.6741,-5.5206,4.1706,25.1651,16.6470,18.6793,9.9636,9.5431,44.0431,75,75.0313,Treadmill,0,0
DiFQuLJHcnVnAAgH7PeYRBIMliv2,1774321419002,1774321448990,W2_1774321388990,95.9863,16.0776,71.4286,125.0000,53.5714,-0.4709,0.6835,104.2736,151.3245,64.1509,642.2963,0.1623,4675.9162,6609.3974,0.7075,11285.3136,80.4842,51.9319,5.4695,2.9854,-5.2512,3.4102,33.8854,19.0210,15.7703,10.2871,10.9706,40.8880,86,86.0358,Treadmill,0,0
DiFQuLJHcnVnAAgH7PeYRBIMliv2,1774321433981,1774321463973,W3_1774321403990,91.3720,13.4881,68.1818,115.3846,47.2028,-0.0284,0.6623,102.5225,147.9197,64.0000,671.6078,0.1527,4087.6737,6484.7977,0.6303,10572.4714,78.7220,50.0000,7.4949,3.8088,-3.7199,3.4585,50.0294,17.9315,14.3657,10.5641,11.0316,40.9159,78,78.0221,Treadmill,0,0
DiFQuLJHcnVnAAgH7PeYRBIMliv2,1774321448982,1774321478952,W4_1774321418990,93.2463,14.8880,68.1818,115.3846,47.2028,0.4910,0.6625,108.7500,143.1843,67.3077,660.6415,0.1646,1456.0533,4632.1199,0.3143,6088.1732,78.9499,50.0000,8.2262,6.6924,-2.6855,3.4737,28.9746,15.4411,16.0451,10.6313,11.5039,40.9159,84,84.0841,Treadmill,0,0
DiFQuLJHcnVnAAgH7PeYRBIMliv2,1774321463985,1774321493958,W5_1774321433990,94.8931,14.3199,68.1818,125.0000,56.8182,0.1289,0.7419,100.3619,141.3575,61.7647,647.2464,0.1551,1822.7535,8495.0545,0.2146,10317.8080,79.7960,50.0000,8.2469,6.6637,-3.0491,3.7357,23.5368,15.2543,13.6955,10.4954,9.9914,40.9159,91,91.0820,Treadmill,0,0
DiFQuLJHcnVnAAgH7PeYRBIMliv2,1774321478974,1774321508959,W6_1774321448990,96.7553,13.9765,71.4286,125.0000,53.5714,-0.2171,0.6747,94.9165,128.0781,58.1818,633.6786,0.1498,2354.7100,5238.1297,0.4495,7592.8396,80.3638,50.0000,8.2843,5.6291,-3.2952,4.0982,27.0754,16.1397,17.3918,10.4733,10.2564,40.9159,76,76.0393,Treadmill,0,0
DiFQuLJHcnVnAAgH7PeYRBIMliv2,1774321493996,1774321523979,W7_1774321463990,98.7715,15.4604,71.4286,125.0000,53.5714,0.1331,0.6627,101.0498,143.2809,55.5556,623.0909,0.1622,5580.0506,11220.8585,0.4973,16800.9090,80.1645,50.0000,7.1194,4.4743,-4.1969,4.7154,19.2491,22.7734,23.4356,10.5411,14.2130,45.2426,87,87.0493,Treadmill,0,0
DiFQuLJHcnVnAAgH7PeYRBIMliv2,1774321508980,1774321538969,W8_1774321478990,95.4857,14.5811,71.4286,125.0000,53.5714,-0.0293,0.7284,95.6984,139.2323,46.5517,642.7627,0.1489,2398.7990,16753.4581,0.1432,19152.2571,78.3623,63.0979,5.7564,2.6846,-6.0454,4.9478,35.9615,53.8909,31.0124,11.8693,48.2199,74.9326,107,107.0410,Treadmill,0,0
DiFQuLJHcnVnAAgH7PeYRBIMliv2,1774321523975,1774321553953,W9_1774321493990,95.7080,15.6225,71.4286,125.0000,53.5714,-0.3088,0.7037,99.0337,152.8144,57.1429,642.8596,0.1541,578.4505,4944.9637,0.1170,5523.4142,75.6730,63.0896,4.3955,2.2576,-7.1998,4.5056,56.2019,72.0894,43.3950,13.2041,74.5737,74.9326,138,138.1036,Treadmill,0,0
DiFQuLJHcnVnAAgH7PeYRBIMliv2,1774321537703,1774321566407,W10_1774321508990,95.0602,14.2830,71.4286,125.0000,53.5714,-0.2664,0.7586,89.8857,132.4397,52.3077,644.5000,0.1395,493.8932,2705.7707,0.1825,3199.6639,74.7604,53.7795,3.7202,2.1466,-7.6645,4.6395,62.5247,78.1340,45.5583,13.6215,85.5496,74.9326,148,154.6823,Treadmill,0,0
DiFQuLJHcnVnAAgH7PeYRBIMliv2,1774321553990,1774321583961,W11_1774321523990,91.8857,11.5845,71.4286,125.0000,53.5714,0.0023,0.8025,77.1773,127.6208,50.0000,662.5538,0.1165,455.3887,3915.7360,0.1163,4371.1247,75.1055,53.7751,4.4531,2.1185,-8.8712,3.9356,75.0467,102.0342,44.5480,14.5248,109.3346,74.9326,139,139.1345,Treadmill,0,0
DiFQuLJHcnVnAAgH7PeYRBIMliv2,1774321568999,1774321598989,W12_1774321538990,91.9496,11.0685,71.4286,125.0000,53.5714,-0.0958,0.7952,71.2728,112.0838,50.7692,660.9697,0.1078,133.7628,1972.7130,0.0678,2106.4758,75.0651,53.7751,4.3257,2.3748,-8.9383,3.8553,72.4513,102.0962,43.3675,14.5634,106.2201,62.2692,140,140.0467,Treadmill,0,0
DiFQuLJHcnVnAAgH7PeYRBIMliv2,1774321583978,1774321613963,W13_1774321553990,91.1644,10.2826,71.4286,125.0000,53.5714,-0.0683,0.8395,68.4911,104.5602,46.2687,665.7647,0.1029,1089.3323,4708.3976,0.2314,5797.7299,75.2709,53.7750,4.0227,2.5833,-9.1172,3.6119,72.2282,108.2462,40.1239,14.5331,112.2294,70.3297,141,141.0705,Treadmill,0,0
DiFQuLJHcnVnAAgH7PeYRBIMliv2,1774321601524,1774321628984,W14_1774321568990,90.3063,10.2775,71.4286,125.0000,53.5714,-0.0246,0.9398,70.3293,112.2237,45.4545,672.2949,0.1046,596.8417,2077.1235,0.2873,2673.9652,75.3692,69.6912,2.6015,3.0267,-8.9870,3.6880,71.9476,104.3346,38.1993,14.4484,109.2529,70.3297,154,168.2478,Treadmill,0,0
DiFQuLJHcnVnAAgH7PeYRBIMliv2,1774321611057,1774321638114,W15_1774321583990,90.3703,10.4263,71.4286,125.0000,53.5714,-0.0109,0.9383,70.9179,112.2567,49.3333,672.0132,0.1055,623.4456,1686.4285,0.3697,2309.8742,75.0676,68.0911,2.4776,3.3141,-8.9069,3.8482,72.3473,94.0218,40.6606,14.4334,103.8324,70.3297,140,155.2307,Treadmill,0,0
DiFQuLJHcnVnAAgH7PeYRBIMliv2,1774321628998,1774321658968,W16_1774321598990,90.3239,11.7296,70.7547,125.0000,54.2453,0.0351,0.9359,81.3591,134.2532,56.9444,674.6986,0.1206,1117.4842,1659.6679,0.6733,2777.1521,75.9287,67.5328,3.3437,3.7447,-8.7538,3.8226,74.8659,93.7980,43.3716,14.5644,105.1785,70.3297,130,130.1323,Treadmill,0,0
DiFQuLJHcnVnAAgH7PeYRBIMliv2,1774321643980,1774321673958,W17_1774321613990,89.4441,11.7218,68.1818,125.0000,56.8182,-0.0248,0.9359,82.9194,141.7220,52.7778,681.4932,0.1217,861.2855,2231.9047,0.3859,3093.1902,76.2935,67.7374,3.5251,3.6605,-8.7546,3.6340,71.6346,95.3909,41.3823,14.5522,99.8894,72.4201,125,125.0938,Treadmill,0,0
DiFQuLJHcnVnAAgH7PeYRBIMliv2,1774321658999,1774321688974,W18_1774321628990,87.8803,9.9106,68.1818,121.9512,53.7694,-0.1120,0.8816,75.4014,118.5189,53.0303,691.1045,0.1091,467.2773,3150.5083,0.1483,3617.7856,76.1469,67.7374,3.8461,3.3247,-8.6299,3.5793,69.3808,100.3759,41.8152,14.5867,97.1404,72.4201,128,128.1068,Treadmill,0,0
DiFQuLJHcnVnAAgH7PeYRBIMliv2,1774321674861,1774321703963,W19_1774321643990,88.6808,11.1590,68.1818,125.0000,56.8182,-0.0050,0.9176,78.1314,134.3288,55.8442,686.1923,0.1139,635.0878,1831.6721,0.3467,2466.7599,75.6727,67.7374,3.1793,3.2345,-8.6885,3.6774,69.2114,97.4465,40.5607,14.5151,96.0063,72.4201,155,159.7856,Treadmill,0,1
DiFQuLJHcnVnAAgH7PeYRBIMliv2,1774321688981,1774321718955,W20_1774321658990,87.4372,8.3431,68.1818,121.9512,53.7694,0.0347,0.8947,64.7922,103.3064,52.2388,692.2794,0.0936,719.4696,2102.0336,0.3423,2821.5032,76.0372,71.0428,3.6173,2.9771,-8.4489,3.9886,66.2732,95.8837,38.3325,14.3022,92.0927,72.4201,132,132.1167,Treadmill,0,1
DiFQuLJHcnVnAAgH7PeYRBIMliv2,1774321703990,1774321733983,W21_1774321673990,88.6942,11.1284,68.1818,125.0000,56.8182,0.0588,0.9221,78.2056,120.0898,64.2857,686.0986,0.1140,558.4836,3053.0115,0.1829,3611.4951,75.7130,67.7023,3.4693,2.8228,-8.4339,4.2779,63.7497,87.3917,39.3397,14.1743,86.9691,63.8024,133,133.0333,Treadmill,0,1
DiFQuLJHcnVnAAgH7PeYRBIMliv2,1774321718988,1774321748963,W22_1774321688990,89.5076,10.9761,71.4286,125.0000,53.5714,-0.0362,0.9231,75.4081,115.0732,60.5634,679.4028,0.1110,610.9130,2781.9348,0.2196,3392.8479,76.1988,67.7023,3.7315,2.7083,-8.2991,4.4838,61.1673,78.4878,41.3336,13.9779,81.9221,63.8024,130,130.1106,Treadmill,0,1
DiFQuLJHcnVnAAgH7PeYRBIMliv2,1774321733990,1774321763978,W23_1774321703990,89.9978,12.1773,71.4286,125.0000,53.5714,-0.0800,0.9103,81.3841,116.0666,61.4286,677.5070,0.1201,554.2320,2681.2775,0.2067,3235.5095,76.7587,67.7023,3.7590,2.8355,-8.2112,4.4127,63.9304,86.9225,43.9999,14.1445,89.7207,71.4979,130,130.0542,Treadmill,0,1
DiFQuLJHcnVnAAgH7PeYRBIMliv2,1774321748979,1774321778963,W24_1774321718990,89.2360,11.3050,68.1818,125.0000,56.8182,-0.0983,0.9213,78.0777,117.1710,53.0864,682.0488,0.1145,502.5668,1782.3420,0.2820,2284.9088,76.5132,67.7023,3.3016,3.0073,-8.4368,4.3222,65.7756,89.4571,44.1198,14.3280,92.9647,71.4979,156,156.0832,Treadmill,0,2
DiFQuLJHcnVnAAgH7PeYRBIMliv2,1774321764000,1774321793978,W25_1774321733990,89.1173,11.0298,68.1818,125.0000,56.8182,0.0417,0.8861,76.7909,119.8552,50.7246,682.5714,0.1125,1258.2329,1475.5221,0.8527,2733.7551,77.4006,69.7530,3.7326,3.1233,-8.3358,4.3082,69.7429,98.7999,44.6098,14.5196,100.1329,71.4979,131,131.0983,Treadmill,0,2
DiFQuLJHcnVnAAgH7PeYRBIMliv2,1774321778981,1774321808960,W26_1774321748990,88.3371,11.8851,68.1818,125.0000,56.8182,-0.0291,0.8481,84.5712,134.0794,48.4848,690.3433,0.1225,450.8547,7997.7785,0.0564,8448.6333,76.2855,50.0000,4.7763,3.1953,-8.8977,3.7100,74.6825,113.8170,41.9026,14.8853,111.9743,71.4979,134,134.0961,Treadmill,0,2
DiFQuLJHcnVnAAgH7PeYRBIMliv2,1774321794004,1774321823990,W27_1774321763990,88.5350,9.6344,68.1818,125.0000,56.8182,0.0342,0.8500,69.4581,101.8342,44.7761,685.1176,0.1014,596.9585,3236.3303,0.1845,3833.2888,76.0419,50.0000,5.1053,2.8347,-9.0914,3.5998,71.6109,117.2739,38.3770,14.8454,110.5238,66.9051,137,137.0640,Treadmill,0,2
DiFQuLJHcnVnAAgH7PeYRBIMliv2,1774321808990,1774321838977,W28_1774321778990,89.0230,9.3793,71.4286,125.0000,53.5714,-0.0012,0.8375,65.2552,98.6117,40.9091,680.7612,0.0959,351.7955,1949.6464,0.1804,2301.4419,76.2107,50.0000,5.0763,2.5812,-9.0245,3.5557,74.9478,117.2350,40.3601,14.7872,114.6281,68.3630,146,146.0633,Treadmill,1,3
DiFQuLJHcnVnAAgH7PeYRBIMliv2,1774321823584,1774321853150,W29_1774321793990,88.7079,9.4810,71.4286,125.0000,53.5714,0.0781,0.8556,66.9216,103.7748,44.7368,683.4286,0.0979,638.1099,3326.6290,0.1918,3964.7389,76.0223,50.0000,4.5974,2.3662,-8.9908,3.5053,69.9834,109.6195,40.1699,14.5381,107.1369,68.3630,160,162.3486,Treadmill,1,3
DiFQuLJHcnVnAAgH7PeYRBIMliv2,1774321838979,1774321868959,W30_1774321808990,89.9445,9.6397,71.4286,125.0000,53.5714,-0.0352,0.8861,66.7246,105.8277,44.9275,674.1286,0.0990,366.9398,2661.1235,0.1379,3028.0633,76.9662,66.7424,4.0478,2.2453,-8.7154,3.9134,67.3128,100.6280,42.2701,14.2863,102.4266,68.3630,139,139.0950,Treadmill,1,3
DiFQuLJHcnVnAAgH7PeYRBIMliv2,1774321853978,1774321883966,W31_1774321823990,90.2685,10.8913,75.0000,125.0000,50.0000,0.0142,0.8750,71.9004,110.4413,43.4783,673.2286,0.1068,253.9312,1719.8913,0.1476,1973.8225,77.4726,62.2850,3.9812,2.2884,-8.5341,4.1119,63.3250,90.4669,43.4218,13.9522,97.5266,68.3630,136,136.0544,Treadmill,1,3
DiFQuLJHcnVnAAgH7PeYRBIMliv2,1774321868986,1774321898955,W32_1774321838990,90.8784,12.5245,75.0000,125.0000,50.0000,0.1091,0.8293,83.4124,131.2656,52.2388,671.5735,0.1242,1481.0392,989.5133,1.4967,2470.5525,77.6219,62.2850,4.3557,2.3458,-8.3994,4.3633,57.4142,86.3165,40.7119,13.6996,91.8543,69.5526,136,136.1407,Treadmill,1,3
DiFQuLJHcnVnAAgH7PeYRBIMliv2,1774321887357,1774321913974,W33_1774321853990,90.0556,11.8823,75.0000,125.0000,50.0000,-0.0950,0.8554,78.8044,119.1948,50.0000,676.5211,0.1165,792.7521,3371.7391,0.2351,4164.4912,78.0549,62.2850,4.7456,2.1869,-8.6092,4.3681,57.5615,95.9699,36.7094,13.8989,95.0415,69.5526,151,170.1952,Treadmill,1,4
DiFQuLJHcnVnAAgH7PeYRBIMliv2,1774321896893,1774321924788,W34_1774321868990,89.3843,11.5000,75.0000,125.0000,50.0000,-0.1885,0.8721,76.0480,113.1957,47.2973,680.9200,0.1117,1033.2257,5230.6347,0.1975,6263.8603,78.9174,60.2275,5.4406,2.1099,-8.8587,4.0720,56.3952,104.9511,33.4130,14.0291,97.4545,69.5526,147,158.0957,Treadmill,1,4
DiFQuLJHcnVnAAgH7PeYRBIMliv2,1774321913985,1774321943965,W35_1774321883990,95.3671,19.2565,75.0000,136.3636,61.3636,0.1508,0.7640,109.1670,145.2368,55.2239,650.9118,0.1677,229.7070,4714.4961,0.0487,4944.2031,79.8758,60.2269,5.0803,2.1612,-7.4806,4.8339,45.6242,94.1081,27.0809,13.1362,78.2496,69.5526,133,133.0909,Treadmill,1,4
DiFQuLJHcnVnAAgH7PeYRBIMliv2,1774321928974,1774321958953,W36_1774321898990,97.1441,20.1190,75.0000,136.3636,61.3636,0.7937,0.6897,111.9419,149.0850,57.6271,640.5500,0.1748,524.9136,715.4804,0.7337,1240.3939,81.0445,60.2269,4.3928,3.7126,-6.1249,3.9980,42.3439,77.6389,20.0090,12.2574,57.0314,66.7131,124,124.0869,Treadmill,1,4
DiFQuLJHcnVnAAgH7PeYRBIMliv2,1774321943994,1774321973975,W37_1774321913990,92.5727,13.5516,73.8916,125.0000,51.1084,0.6017,0.4432,90.2142,105.8549,55.2632,661.1795,0.1364,4798.9221,4774.3069,1.0052,9573.2290,81.4817,60.1987,3.7272,6.5314,-3.7800,3.1189,31.2848,35.6392,15.4247,11.1514,24.6712,50.4086,118,118.0767,Treadmill,1,4
DiFQuLJHcnVnAAgH7PeYRBIMliv2,1774321960681,1774321988969,W38_1774321928990,96.1856,16.5535,73.8916,125.0000,51.1084,0.3024,0.3404,108.5446,149.2225,70.9677,642.2500,0.1690,5287.5181,5453.4209,0.9696,10740.9390,81.6331,74.4938,2.7216,6.7574,-3.4092,3.0032,30.4876,22.3006,14.7012,10.8742,15.5448,45.8454,135,143.1702,Treadmill,2,5
DiFQuLJHcnVnAAgH7PeYRBIMliv2,1774321970227,1774321996449,W39_1774321943990,91.1235,16.2310,68.1818,125.0000,56.8182,-0.3839,0.5750,115.9012,163.6799,77.7778,678.6957,0.1708,2687.7299,20794.6763,0.1293,23482.4062,81.1656,70.4177,3.3752,7.4015,-3.8262,2.0629,34.1842,32.9095,12.4345,11.3160,25.1537,62.3355,118,135.0011,Treadmill,2,5
DiFQuLJHcnVnAAgH7PeYRBIMliv2,1774321988974,1774322018956,W40_1774321958990,90.5945,14.8049,68.1818,125.0000,56.8182,-0.0678,0.6173,104.8699,153.5072,79.5918,679.0600,0.1544,1375.2866,4434.1441,0.3102,5809.4307,81.0490,65.5424,4.5127,5.7317,-4.4341,2.7594,49.6954,67.5839,22.4404,12.1746,51.6259,62.3355,126,126.0777,Treadmill,2,5
DiFQuLJHcnVnAAgH7PeYRBIMliv2,1774322003997,1774322033980,W41_1774321973990,93.5645,13.5852,75.0000,125.0000,50.0000,-0.0017,0.6627,84.4911,116.2989,57.4074,653.4000,0.1293,11.5191,4020.2649,0.0029,4031.7840,79.7407,50.0000,6.0974,3.0904,-6.5089,3.6225,57.4449,94.1126,34.4299,13.1736,77.4835,73.7831,133,133.0776,Treadmill,2,5
DiFQuLJHcnVnAAgH7PeYRBIMliv2,1774322018983,1774322048957,W42_1774321988990,91.2862,12.4014,71.4286,125.0000,53.5714,-0.2262,0.7349,83.4778,103.0683,55.0000,668.4262,0.1249,146.5834,8570.1922,0.0171,8716.7756,79.3496,50.0000,5.8528,3.6103,-6.5351,3.8582,58.8438,96.8679,34.0145,13.4844,78.5238,73.7831,133,133.1154,Treadmill,2,5
DiFQuLJHcnVnAAgH7PeYRBIMliv2,1774322034062,1774322063981,W43_1774322003990,92.0713,13.7689,71.4286,125.0000,53.5714,-0.1212,0.6563,93.1400,118.0189,54.8387,665.3651,0.1400,1050.7894,12591.9048,0.0834,13642.6942,80.0309,50.0000,5.4558,5.2047,-5.1572,3.2671,53.6306,75.6606,28.3866,12.7233,60.1551,73.7831,153,153.4142,Treadmill,2,5
DiFQuLJHcnVnAAgH7PeYRBIMliv2,1774322048984,1774322078972,W44_1774322018990,90.7278,15.4290,68.1818,125.0000,56.8182,-0.0741,0.6914,110.2213,151.6423,52.7273,679.7321,0.1622,1908.2599,6000.7481,0.3180,7909.0080,80.8028,67.7384,3.8459,5.9182,-4.9650,3.1736,46.3177,53.5840,24.3711,12.2731,43.3933,73.7831,118,118.0472,Treadmill,2,5
DiFQuLJHcnVnAAgH7PeYRBIMliv2,1774322064003,1774322093987,W45_1774322033990,86.4068,12.3187,68.1818,115.3846,47.2028,0.1119,0.6625,98.0925,132.4793,57.6923,708.2264,0.1385,2598.1634,14489.6593,0.1793,17087.8227,81.3145,64.2968,3.6562,6.1522,-4.8359,3.3836,40.0984,58.9356,22.7285,12.1335,47.2239,58.2657,115,115.0633,Treadmill,2,5
DiFQuLJHcnVnAAgH7PeYRBIMliv2,1774322078989,1774322108981,W46_1774322048990,90.4300,14.6760,71.4286,125.0000,53.5714,-0.1829,0.7160,100.6229,150.3652,64.9123,679.6207,0.1481,730.7380,5057.0851,0.1445,5787.8232,80.4453,64.2968,4.2288,5.0007,-5.7942,3.4275,52.2141,83.5923,31.3248,12.8456,72.4483,64.9894,120,120.0320,Treadmill,2,5
DiFQuLJHcnVnAAgH7PeYRBIMliv2,1774322093991,1774322123962,W47_1774322063990,90.3604,14.2908,71.4286,125.0000,53.5714,0.0653,0.7875,98.0836,148.0531,64.5161,679.3492,0.1444,746.3326,5825.2106,0.1281,6571.5433,79.2754,64.2968,4.3713,2.9210,-7.9233,4.2819,60.6096,102.3327,43.5605,13.9483,101.5935,82.1872,134,134.1319,Treadmill,2,5
DiFQuLJHcnVnAAgH7PeYRBIMliv2,1774322108993,1774322138975,W48_1774322078990,89.4936,13.0462,71.4286,125.0000,53.5714,0.0092,0.7447,91.6389,141.4221,66.6667,683.6429,0.1340,918.5535,5826.2639,0.1577,6744.8174,78.8971,65.7361,3.4587,2.9518,-7.6237,4.5229,54.1057,92.2109,40.4599,13.5004,91.8053,82.1872,154,154.0950,Treadmill,2,5
DiFQuLJHcnVnAAgH7PeYRBIMliv2,1774322123989,1774322153951,W49_1774322093990,92.7388,15.1248,71.4286,132.4503,61.0218,0.3400,0.6667,100.0854,145.6935,70.9091,663.0893,0.1509,449.2422,3765.7618,0.1193,4215.0040,78.8380,61.8043,4.2584,2.8028,-7.0986,4.7195,51.0714,77.8249,36.2738,12.9551,77.8560,82.1872,124,124.1573,Treadmill,2,5
DiFQuLJHcnVnAAgH7PeYRBIMliv2,1774322138997,1774322168973,W50_1774322108990,92.8986,14.6837,71.4286,125.0000,53.5714,-0.0408,0.6506,98.4383,140.4233,66.0377,661.2222,0.1489,2658.8262,4735.6204,0.5615,7394.4466,79.4674,61.8047,3.8961,2.2672,-6.1847,5.7768,34.4346,53.5959,29.5059,11.9075,52.5106,82.1872,120,120.0961,Treadmill,2,5
DiFQuLJHcnVnAAgH7PeYRBIMliv2,1774322153979,1774322183956,W51_1774322123990,97.8455,15.7851,75.0000,132.4503,57.4503,0.2277,0.5119,97.3729,139.3350,64.2857,628.6744,0.1549,3018.5995,3015.6656,1.0010,6034.2651,79.9075,61.8047,3.9313,2.4099,-5.7704,6.2491,13.4906,24.4057,13.3975,10.5808,17.4964,49.3770,110,110.0844,Treadmill,2,5
DiFQuLJHcnVnAAgH7PeYRBIMliv2,1774322168995,1774322198975,W52_1774322138990,97.8095,17.4961,71.4286,131.8681,60.4396,-0.1791,0.5294,113.0044,147.0699,63.6364,633.3333,0.1784,1617.6967,9163.0568,0.1765,10780.7535,79.5464,53.9499,5.1265,2.8525,-6.1928,5.8915,10.4575,17.7677,9.7487,10.3508,12.0320,49.3770,118,118.0787,Treadmill,2,5
DiFQuLJHcnVnAAgH7PeYRBIMliv2,1774322182790,1774322211589,W53_1774322153990,101.1247,17.4575,75.0000,131.8681,56.8681,0.5068,0.4835,105.8052,137.1894,58.1395,611.3636,0.1731,4024.2144,5479.6871,0.7344,9503.9015,79.0394,53.9499,5.2170,3.1599,-6.5326,5.7818,8.2997,14.2877,8.8768,10.3194,11.0629,49.3770,125,130.2129,Treadmill,2,5
DiFQuLJHcnVnAAgH7PeYRBIMliv2,1774322198994,1774322228976,W54_1774322168990,105.6078,18.3582,75.0000,136.3636,61.3636,-0.7969,0.5765,98.6682,119.1674,52.0833,585.0816,0.1686,5988.1617,5509.1475,1.0869,11497.3092,78.8728,53.9499,5.3199,3.3461,-7.2061,5.2976,11.3102,21.0318,8.8831,10.6209,19.6106,54.1856,116,116.0716,Treadmill,2,5
DiFQuLJHcnVnAAgH7PeYRBIMliv2,1774322213978,1774322243961,W55_1774322183990,96.7976,13.7707,75.0000,125.0000,50.0000,-0.3233,0.6707,81.2116,101.2669,38.8889,631.2545,0.1287,1023.7401,923.5492,1.1085,1947.2892,78.4563,53.9489,5.4773,2.9021,-7.8161,5.0893,29.3800,53.5521,20.1684,12.2302,48.9358,54.1856,125,125.0730,Treadmill,2,5
DiFQuLJHcnVnAAgH7PeYRBIMliv2,1774322228995,1774322258976,W56_1774322198990,95.4277,10.8175,75.0000,125.0000,50.0000,-0.3355,0.7711,63.3330,76.8619,33.3333,635.8438,0.0996,24.5681,541.9224,0.0453,566.4905,78.1707,51.9735,5.2817,2.3490,-8.4862,4.6559,47.0293,86.8150,30.3680,13.7037,75.6309,54.1856,136,136.0885,Treadmill,2,5
DiFQuLJHcnVnAAgH7PeYRBIMliv2,1774322246602,1774322273962,W57_1774322213990,92.8163,6.8953,75.0000,125.0000,50.0000,-0.0105,0.9070,45.0781,68.9558,29.8701,649.7436,0.0694,182.0922,1653.6189,0.1101,1835.7111,78.0552,51.9735,4.4801,2.0979,-8.7097,4.8647,56.5630,104.4262,38.5355,14.6445,88.9878,54.2067,160,175.4386,Treadmill,2,6
DiFQuLJHcnVnAAgH7PeYRBIMliv2,1774322256156,1774322283296,W58_1774322228990,91.9821,7.4553,71.4286,125.0000,53.5714,-0.0139,0.9524,52.7973,89.5593,31.6456,656.5000,0.0804,209.8836,1792.6119,0.1171,2002.4955,77.8927,51.9735,4.3709,2.1606,-8.8905,4.8247,57.1762,105.6195,38.8687,14.8401,88.4250,54.2067,146,161.3854,Treadmill,2,6
DiFQuLJHcnVnAAgH7PeYRBIMliv2,1774322273985,1774322303969,W59_1774322243990,92.0133,6.9113,75.0000,125.0000,50.0000,0.0639,0.9136,47.3044,72.0569,34.2466,655.5811,0.0722,88.8431,663.0826,0.1340,751.9257,78.3521,52.1450,4.3066,2.0676,-8.6965,4.7943,54.7317,119.1757,38.0113,14.8485,94.3312,56.8072,143,143.0763,Treadmill,2,6
DiFQuLJHcnVnAAgH7PeYRBIMliv2,1774322288984,1774322318952,W60_1774322258990,91.5148,4.7666,83.3333,105.8201,22.4868,-0.0693,0.9744,33.6808,51.9565,25.3333,657.3816,0.0512,82.0297,294.9004,0.2782,376.9301,79.1904,69.4439,2.8403,2.0467,-8.6485,5.0121,54.1306,135.5453,38.8235,15.0353,106.5445,79.9018,145,145.1548,Treadmill,2,6
DiFQuLJHcnVnAAgH7PeYRBIMliv2,1774322303987,1774322333972,W61_1774322273990,91.0880,3.9345,82.5309,100.0000,17.4691,-0.0298,0.9744,28.5396,46.6084,20.0000,659.9342,0.0432,63.2745,334.3604,0.1892,397.6350,79.2021,68.9659,3.0754,2.0597,-8.6083,4.6848,55.6262,140.1237,36.8267,14.8978,110.9263,79.9018,142,142.0710,Treadmill,2,6
DiFQuLJHcnVnAAgH7PeYRBIMliv2,1774322319976,1774322348962,W62_1774322288990,91.4924,7.3082,75.0000,125.0000,50.0000,0.0242,0.9770,46.1813,74.8568,27.3810,659.4235,0.0700,72.8278,462.4444,0.1575,535.2722,78.9010,68.9659,3.4883,2.0533,-8.3190,4.7062,61.3930,143.5775,38.9684,14.9369,116.3978,79.9018,170,175.9500,Treadmill,2,7
DiFQuLJHcnVnAAgH7PeYRBIMliv2,1774322333999,1774322363989,W63_1774322303990,90.5427,8.2996,71.4286,125.0000,53.5714,-0.0185,0.9615,55.3157,81.4704,32.4324,667.6400,0.0829,198.3699,435.3981,0.4556,633.7679,79.1449,68.9659,3.6266,2.3072,-8.0760,4.7588,63.6075,136.3511,41.3499,14.7600,116.6422,79.9018,139,139.0463,Treadmill,2,7
DiFQuLJHcnVnAAgH7PeYRBIMliv2,1774322348983,1774322378975,W64_1774322318990,90.2539,9.7750,75.0000,125.0000,50.0000,-0.1266,0.8333,64.2463,96.4567,40.6250,671.6462,0.0957,508.6887,682.8117,0.7450,1191.5005,77.8972,63.9856,4.2389,3.9091,-6.7055,4.6150,54.0001,90.1090,31.5445,13.3011,80.2779,78.1804,131,131.0371,Treadmill,2,7
DiFQuLJHcnVnAAgH7PeYRBIMliv2,1774322363982,1774322393952,W65_1774322333990,90.7333,12.5828,75.0000,125.0000,50.0000,-0.1168,0.6867,81.1887,117.6452,60.7143,672.4035,0.1207,512.8735,4434.0970,0.1157,4946.9705,77.4991,63.8797,4.7627,5.0137,-5.4334,4.5273,38.4107,55.5538,23.6455,11.9636,49.6372,78.1804,123,123.1231,Treadmill,2,7
DiFQuLJHcnVnAAgH7PeYRBIMliv2,1774322378987,1774322408973,W66_1774322348990,97.9948,20.6614,75.0000,136.3636,61.3636,0.2059,0.6437,119.8118,170.0707,72.7273,637.2679,0.1880,2637.1098,6561.1364,0.4019,9198.2461,78.1883,63.8797,5.1866,5.0589,-4.9443,4.3629,23.2028,16.6988,15.1505,10.5943,11.8869,51.2367,111,111.0537,Treadmill,2,7
DiFQuLJHcnVnAAgH7PeYRBIMliv2,1774322393996,1774322423964,W67_1774322363990,101.9629,20.4033,78.9474,136.3636,57.4163,0.1994,0.5825,112.7441,164.1177,71.1864,610.7833,0.1846,2498.9761,5565.0968,0.4490,8064.0729,78.1325,50.0000,6.3039,4.4283,-5.1553,4.6565,21.8145,18.4046,14.3182,10.5390,11.3364,36.5117,133,133.1442,Treadmill,2,7
DiFQuLJHcnVnAAgH7PeYRBIMliv2,1774322408987,1774322438959,W68_1774322378990,102.2181,18.9257,78.9474,136.3636,57.4163,-0.2030,0.6044,105.7242,158.0541,72.2222,606.3273,0.1744,3015.8268,6619.5386,0.4556,9635.3655,79.1790,50.0000,6.6339,3.3179,-5.6943,4.8015,27.8175,34.3578,19.2908,10.9928,27.1123,63.7539,111,111.1037,Treadmill,2,7
DiFQuLJHcnVnAAgH7PeYRBIMliv2,1774322423986,1774322453981,W69_1774322393990,97.1091,17.1313,75.0000,136.3636,61.3636,-0.6205,0.6818,98.7438,137.2095,49.1525,635.0333,0.1555,2169.0460,2062.3597,1.0517,4231.4057,80.1422,50.0000,6.2517,1.9649,-7.0504,4.8421,37.9331,72.6474,28.9835,12.3119,64.9950,63.7539,120,120.0220,Treadmill,2,7
DiFQuLJHcnVnAAgH7PeYRBIMliv2,1774322438990,1774322468968,W70_1774322408990,90.4964,10.0119,73.3496,125.0000,51.6504,-0.1940,0.8272,66.5065,102.0625,45.4545,670.2537,0.0992,526.6013,879.7605,0.5986,1406.3618,80.2114,52.1159,5.4803,2.5403,-7.6918,4.5481,55.6383,105.6631,40.3845,13.7862,97.9295,76.3061,135,135.1013,Treadmill,2,7
DiFQuLJHcnVnAAgH7PeYRBIMliv2,1774322453979,1774322483954,W71_1774322423990,89.3381,8.3270,75.0000,125.0000,50.0000,0.0709,0.8049,54.5724,65.3412,35.3846,676.6061,0.0807,83.8633,825.4063,0.1016,909.2695,80.0384,67.7948,4.5241,2.7042,-8.3359,4.3683,61.0960,108.5696,41.0528,14.3271,101.3349,76.3061,143,143.1193,Treadmill,3,8
DiFQuLJHcnVnAAgH7PeYRBIMliv2,1774322468703,1774322498408,W72_1774322438990,96.0736,18.2238,75.0000,136.3636,61.3636,0.6199,0.7677,98.5699,137.9308,46.6667,643.0263,0.1533,444.4460,2451.5001,0.1813,2895.9461,79.8394,50.0000,5.3263,2.8822,-8.0824,4.4424,48.0785,87.4090,33.7911,13.4240,82.4430,76.3061,151,152.5021,Treadmill,3,8
DiFQuLJHcnVnAAgH7PeYRBIMliv2,1774322483995,1774322513969,W73_1774322453990,102.3226,20.0446,81.9672,136.3636,54.3964,1.0912,0.6000,103.0481,129.8205,48.2143,606.4561,0.1699,395.2843,2656.0498,0.1488,3051.3341,79.9663,50.0000,5.7329,3.3669,-7.4426,4.6712,37.1671,62.6766,26.0905,12.5071,58.0558,76.3061,125,125.1084,Treadmill,3,8
DiFQuLJHcnVnAAgH7PeYRBIMliv2,1774322498998,1774322528989,W74_1774322468990,124.9100,22.4479,86.4553,150.0000,63.5447,0.4564,0.6863,99.8374,119.5322,42.0290,498.1143,0.2004,1831.3538,5722.4828,0.3200,7553.8366,80.5503,50.0000,6.4049,3.1953,-7.1594,5.3106,13.1289,24.4150,9.8117,10.8373,19.5792,51.0425,121,121.0383,Treadmill,3,8
DiFQuLJHcnVnAAgH7PeYRBIMliv2,1774322513985,1774322543977,W75_1774322483990,122.3466,23.4136,83.3333,150.0000,66.6667,-1.1971,0.7010,107.3521,120.9316,49.2537,510.7206,0.2102,970.6557,3211.2992,0.3023,4181.9549,80.4063,50.0000,6.7707,3.1232,-6.9130,5.2411,13.5836,35.6631,9.5372,10.7890,27.3942,60.1235,119,119.0337,Treadmill,3,8
DiFQuLJHcnVnAAgH7PeYRBIMliv2,1774322532507,1774322558965,W76_1774322498990,102.7961,18.3476,78.9474,136.3636,57.4163,-1.2242,0.6556,100.1956,95.3735,48.2759,601.4068,0.1666,3799.9599,1077.9104,3.5253,4877.8704,80.2735,50.0000,6.1908,2.7183,-7.2040,5.2067,33.7997,79.4023,21.7395,12.3692,68.3411,66.5570,143,162.1438,Treadmill,3,9
DiFQuLJHcnVnAAgH7PeYRBIMliv2,1774322542054,1774322570099,W77_1774322513990,100.7265,18.3591,78.9474,136.3636,57.4163,-0.7063,0.7391,101.2858,104.2940,50.7463,613.9706,0.1650,2397.7727,655.0879,3.6602,3052.8606,80.2433,59.1916,5.1276,2.8794,-7.4570,4.9725,41.0299,91.7047,25.5257,12.8679,81.3017,67.8083,144,154.0382,Treadmill,3,9
DiFQuLJHcnVnAAgH7PeYRBIMliv2,1774322559009,1774322588989,W78_1774322528990,90.8592,11.1926,71.4286,125.0000,53.5714,0.0425,0.7975,76.0922,122.2666,62.9032,669.5714,0.1136,174.4137,272.0503,0.6411,446.4640,79.8324,65.6353,4.4140,2.2661,-6.5484,5.3858,53.3941,114.6587,33.8947,13.6954,91.4082,67.8083,136,136.0907,Treadmill,3,9
DiFQuLJHcnVnAAgH7PeYRBIMliv2,1774322573999,1774322603981,W79_1774322543990,91.1601,9.8875,71.4286,125.0000,53.5714,0.0585,0.8375,65.8374,103.8958,50.0000,665.1791,0.0990,2278.5616,2457.1862,0.9273,4735.7478,78.1078,65.8228,4.6536,2.3958,-7.0446,5.2389,71.6913,149.6399,41.7214,15.1085,117.5999,72.0138,139,139.0835,Treadmill,3,9
DiFQuLJHcnVnAAgH7PeYRBIMliv2,1774322588983,1774322618961,W80_1774322558990,90.7834,9.6202,71.4286,125.0000,53.5714,-0.1284,0.8125,62.0307,97.1141,43.7500,667.3692,0.0929,1297.6121,674.4342,1.9240,1972.0463,75.5070,63.4659,5.4390,2.7860,-7.4644,4.9772,83.2350,164.4176,40.7912,15.7765,127.7976,72.0138,136,136.0998,Treadmill,3,9
DiFQuLJHcnVnAAgH7PeYRBIMliv2,1774322605862,1774322633988,W81_1774322573990,89.7499,7.7828,71.4286,125.0000,53.5714,-0.0857,0.8941,51.3847,81.3004,32.0000,672.8947,0.0764,323.6232,491.9823,0.6578,815.6055,73.8688,56.7424,5.8011,2.7827,-7.8141,4.9598,93.3791,182.4714,44.2383,16.5723,138.8520,72.0138,158,168.5273,Treadmill,3,10
DiFQuLJHcnVnAAgH7PeYRBIMliv2,1774322615408,1774322641788,W82_1774322588990,89.6812,7.3254,75.0000,125.0000,50.0000,-0.0489,0.9375,46.6503,69.5548,25.6757,672.7867,0.0693,184.5700,668.3555,0.2762,852.9255,71.9724,50.5238,6.4310,3.3111,-8.9639,4.2296,107.1210,212.5170,47.9606,17.7022,163.4351,72.0138,138,156.9400,Treadmill,3,10
DiFQuLJHcnVnAAgH7PeYRBIMliv2,1774322633995,1774322663970,W83_1774322603990,88.8134,7.6968,75.0000,125.0000,50.0000,0.0143,0.9351,48.9100,75.5901,26.7606,679.7500,0.0720,330.2356,2297.6030,0.1437,2627.8386,72.8075,50.5238,6.9419,3.2199,-8.8913,4.1404,111.1567,215.6897,46.0309,17.6433,168.1589,69.5369,137,137.1165,Treadmill,3,10
DiFQuLJHcnVnAAgH7PeYRBIMliv2,1774322648976,1774322678952,W84_1774322618990,89.9026,9.3186,75.0000,125.0000,50.0000,0.0396,0.9487,57.6862,84.9454,32.8767,673.2973,0.0857,155.3178,1663.2341,0.0934,1818.5518,74.0228,50.5238,6.8437,3.2376,-8.5329,3.8520,116.3702,198.0032,50.2950,17.3746,160.9225,72.1641,135,135.1103,Treadmill,3,10
DiFQuLJHcnVnAAgH7PeYRBIMliv2,1774322663998,1774322693969,W85_1774322633990,89.7647,9.9985,75.0000,125.0000,50.0000,-0.0796,0.9481,62.1137,88.4750,40.2778,675.2603,0.0920,392.4131,1571.4892,0.2497,1963.9023,74.5781,59.7655,4.9726,2.9341,-8.8144,3.4067,119.3831,206.0667,46.5379,17.3884,167.5379,72.1641,137,137.1348,Treadmill,3,10
DiFQuLJHcnVnAAgH7PeYRBIMliv2,1774322679195,1774322708955,W86_1774322648990,89.2489,8.7612,78.9474,125.0000,46.0526,-0.0539,0.9438,54.9493,72.5753,37.3494,677.6190,0.0811,354.6733,1740.1580,0.2038,2094.8313,74.4283,58.1202,4.5877,3.3532,-8.8356,3.4360,127.0666,191.7608,44.8799,17.4146,161.5569,72.1641,169,170.3629,Treadmill,3,10
DiFQuLJHcnVnAAgH7PeYRBIMliv2,1774322693988,1774322723967,W87_1774322663990,89.6483,8.8474,78.9474,125.0000,46.0526,-0.0824,0.9000,56.3138,75.8729,42.2535,674.7917,0.0835,421.8369,1278.3202,0.3300,1700.1571,74.3945,56.6921,5.2689,3.5784,-8.9327,3.0784,132.3724,188.7406,44.1553,17.5003,161.0822,73.2403,138,138.0990,Treadmill,3,10
DiFQuLJHcnVnAAgH7PeYRBIMliv2,1774322708975,1774322738958,W88_1774322678990,89.0071,9.0477,78.9474,125.0000,46.0526,-0.0413,0.8642,57.6471,76.8481,30.4348,679.9143,0.0848,279.4267,1056.5078,0.2645,1335.9345,74.8740,58.0716,5.1551,3.5267,-9.1499,2.8745,137.6643,200.4564,39.6874,17.5847,173.0086,74.9401,137,137.0777,Treadmill,3,10
DiFQuLJHcnVnAAgH7PeYRBIMliv2,1774322723981,1774322753954,W89_1774322693990,88.4337,9.8294,69.6864,125.0000,55.3136,-0.0514,0.8625,63.2360,92.7331,32.3529,685.4058,0.0923,377.4430,2345.2227,0.1609,2722.6656,74.2967,58.0716,5.3238,4.0310,-9.0810,2.8320,148.0222,197.0152,40.6755,17.7462,177.5196,83.9781,134,134.1229,Treadmill,3,10
DiFQuLJHcnVnAAgH7PeYRBIMliv2,1774322738981,1774322768968,W90_1774322708990,90.2572,12.4250,69.6864,125.0000,55.3136,0.0674,0.8193,77.3577,104.5621,35.8209,675.3088,0.1146,204.4835,1167.5161,0.1751,1371.9996,74.4710,59.7456,5.1154,3.4508,-9.3829,2.3495,141.3990,229.8630,37.2647,17.8833,194.1813,83.9781,132,132.0594,Treadmill,3,10
DiFQuLJHcnVnAAgH7PeYRBIMliv2,1774322753987,1774322783968,W91_1774322723990,88.4240,11.1813,69.6864,125.0000,55.3136,0.0350,0.8387,71.6132,104.4108,36.3636,687.4872,0.1042,915.2949,2534.8860,0.3611,3450.1809,73.9120,50.0000,4.7143,3.2842,-9.2095,2.3856,136.1360,241.9468,35.6199,17.7828,198.7644,83.9781,156,156.1015,Treadmill,3,10
DiFQuLJHcnVnAAgH7PeYRBIMliv2,1774322768982,1774322798966,W92_1774322738990,90.0812,13.0154,68.1818,125.0000,56.8182,0.1003,0.8049,84.4615,115.8342,44.6154,678.0758,0.1246,1426.3125,4618.2795,0.3088,6044.5920,74.6530,66.9926,4.4084,3.5505,-8.6375,2.7786,118.5374,229.6475,31.8846,17.0139,185.5308,83.9781,132,132.0704,Treadmill,3,10
DiFQuLJHcnVnAAgH7PeYRBIMliv2,1774322783978,1774322813962,W93_1774322753990,93.2094,13.8402,75.0000,125.0000,50.0000,-0.0340,0.6292,85.4762,98.5478,43.6364,656.3036,0.1302,299.9785,2000.6104,0.1499,2300.5889,76.0560,64.8637,5.0630,2.9616,-7.6841,3.3367,79.6802,167.0683,23.1641,14.6134,135.3110,82.6438,130,130.0694,Treadmill,3,10
DiFQuLJHcnVnAAgH7PeYRBIMliv2,1774322798988,1774322828968,W94_1774322768990,91.2069,11.4497,71.4286,125.0000,53.5714,0.2259,0.5747,75.7788,109.3398,53.0612,667.2400,0.1136,499.0817,5963.3495,0.0837,6462.4312,76.5054,64.8637,5.0940,2.3298,-6.6658,4.5221,54.0826,104.1385,20.1276,12.7590,85.8674,82.6438,127,127.0847,Treadmill,3,10
DiFQuLJHcnVnAAgH7PeYRBIMliv2,1774322813984,1774322843961,W95_1774322783990,91.1850,10.8927,75.0000,115.3846,40.3846,-0.2025,0.5795,72.3025,97.1372,52.0000,666.5686,0.1085,257.9351,1168.0632,0.2208,1425.9984,77.3179,64.8637,4.8306,1.9556,-6.9519,4.5271,47.8197,90.1948,23.5336,12.5029,77.8736,70.3930,135,135.1058,Treadmill,3,10
DiFQuLJHcnVnAAgH7PeYRBIMliv2,1774322827991,1774322856976,W96_1774322798990,90.9516,11.7033,75.0000,125.0000,50.0000,-0.1819,0.6875,74.9139,104.4392,47.6923,669.2424,0.1119,284.8001,1285.4683,0.2216,1570.2684,77.6753,64.8656,4.5995,1.5776,-7.5951,4.2916,54.3186,114.1433,27.2795,13.3116,97.1364,70.3930,144,149.0426,Treadmill,3,10
DiFQuLJHcnVnAAgH7PeYRBIMliv2,1774322843995,1774322873988,W97_1774322813990,88.0969,8.7909,75.0000,115.3846,40.3846,-0.0731,0.8025,61.0662,92.7958,50.0000,687.1077,0.0889,972.8560,3208.7660,0.3032,4181.6221,78.2329,68.5657,3.8185,1.4459,-8.4870,3.6820,70.0745,177.5442,35.2986,15.0449,144.2467,72.2816,132,132.0308,Treadmill,3,10
DiFQuLJHcnVnAAgH7PeYRBIMliv2,1774322858986,1774322888964,W98_1774322828990,86.7170,8.5433,70.0935,115.3846,45.2912,-0.0601,0.9103,61.6562,92.4409,41.4286,697.9155,0.0883,356.9835,581.1865,0.6142,938.1700,78.4155,68.7704,3.3885,2.3431,-9.3470,2.7678,96.0272,228.1286,41.9452,16.7954,184.5309,78.5260,137,137.1005,Treadmill,3,10
DiFQuLJHcnVnAAgH7PeYRBIMliv2,1774322873983,1774322903966,W99_1774322843990,86.0671,7.5761,70.0935,107.1429,37.0494,0.0024,0.9333,59.2403,97.1819,50.7246,702.3000,0.0844,189.6224,1275.1272,0.1487,1464.7496,77.9069,68.7704,3.6929,2.7565,-9.5777,2.3834,103.9822,272.8459,40.8868,17.6094,212.6353,87.8799,136,136.0794,Treadmill,3,10
DiFQuLJHcnVnAAgH7PeYRBIMliv2,1774322891806,1774322918953,W100_1774322858990,86.3801,9.1249,68.1818,107.1429,38.9610,-0.0281,0.8765,72.3072,120.3069,57.1429,702.1549,0.1030,399.9059,2125.2247,0.1882,2525.1306,76.9371,63.1854,3.9240,2.9274,-9.6480,2.1719,109.5325,269.3024,38.5057,17.6267,213.0127,87.8799,153,169.0826,Treadmill,3,10
DiFQuLJHcnVnAAgH7PeYRBIMliv2,1774322901355,1774322928683,W101_1774322873990,85.4110,8.6048,68.1818,107.1429,38.9610,-0.0363,0.8875,70.5511,118.5890,55.7143,709.5070,0.0994,999.1510,2583.1622,0.3868,3582.3132,76.6747,63.1854,3.6532,2.9836,-9.6665,2.1481,111.3240,267.2627,37.3186,17.5763,213.9369,87.8799,141,154.7891,Treadmill,3,10
DiFQuLJHcnVnAAgH7PeYRBIMliv2,1774322918994,1774322948984,W102_1774322888990,88.5533,13.4072,68.1818,125.0000,56.8182,-0.0042,0.8077,93.5909,144.7985,66.1290,691.4444,0.1354,2350.5823,11059.4971,0.2125,13410.0794,77.5532,63.1854,3.8891,2.8854,-8.9890,2.6349,83.3136,214.2920,29.6660,15.7861,174.1399,87.8799,130,130.0433,Treadmill,3,10
DiFQuLJHcnVnAAgH7PeYRBIMliv2,1774322933980,1774322963955,W103_1774322903990,88.3464,13.6357,68.1818,125.0000,56.8182,0.1133,0.5949,95.5915,152.4610,58.6957,693.5957,0.1378,170.6106,3339.2298,0.0511,3509.8404,76.8916,50.0000,5.6633,2.7310,-7.9533,3.5185,55.0085,107.8765,19.8816,13.1661,92.5115,74.1597,119,119.1012,Treadmill,3,10
DiFQuLJHcnVnAAgH7PeYRBIMliv2,1774322948976,1774322978959,W104_1774322918990,91.2714,12.7115,78.9474,125.0000,46.0526,0.4450,0.3793,79.5067,83.1678,46.8750,668.3636,0.1190,2304.9425,6542.2412,0.3523,8847.1837,76.9845,50.0000,5.9721,3.2132,-7.1124,4.4137,21.4196,41.1091,9.5688,10.9380,32.8478,61.0752,100,100.0567,Treadmill,3,10
DiFQuLJHcnVnAAgH7PeYRBIMliv2,1774322965635,1774322993969,W105_1774322933990,99.3955,20.9719,74.8130,136.3636,61.5507,-0.2232,0.4184,120.0409,187.2503,70.0000,628.6829,0.1909,711.1641,8213.1699,0.0866,8924.3340,77.0975,50.0000,6.1209,2.5642,-6.5584,4.1501,20.9718,10.3342,11.6363,10.2216,5.2720,35.0562,115,121.7640,Treadmill,3,10
DiFQuLJHcnVnAAgH7PeYRBIMliv2,1774322978989,1774323008954,W106_1774322948990,103.4353,19.8389,78.9474,136.3636,57.4163,0.8815,0.3297,107.0637,158.3024,62.0690,600.4333,0.1783,2600.5856,4475.7648,0.5810,7076.3504,77.2729,50.0000,6.2851,2.4466,-6.6295,3.9427,21.9449,9.7211,10.6142,10.1321,5.1018,38.9266,89,89.1040,Treadmill,3,10
DiFQuLJHcnVnAAgH7PeYRBIMliv2,1774322993973,1774323023952,W107_1774322963990,106.9448,20.1036,78.9474,136.3636,57.4163,0.1051,0.4111,106.5396,154.3742,66.6667,580.8919,0.1834,1015.9717,7652.8584,0.1328,8668.8300,78.7779,64.8136,4.6235,2.3306,-6.0784,4.1767,26.0184,30.1806,16.8010,10.6161,20.1234,71.9138,96,96.0688,Treadmill,3,10
DiFQuLJHcnVnAAgH7PeYRBIMliv2,1774323008979,1774323038960,W108_1774322978990,94.8041,15.3291,75.0000,133.9286,58.9286,0.1407,0.5238,98.5486,146.9860,69.7674,648.6136,0.1519,2295.7120,5117.9881,0.4486,7413.7001,79.8297,69.6650,3.8214,1.5338,-6.9207,3.4497,43.6237,80.9487,27.4351,12.1135,67.4200,71.9138,115,115.0748,Treadmill,3,10
DiFQuLJHcnVnAAgH7PeYRBIMliv2,1774323023994,1774323053980,W109_1774322993990,90.3990,14.2557,71.4286,125.0000,53.5714,-0.1510,0.7284,98.1858,142.3798,62.0690,678.9831,0.1446,1975.7412,4230.5743,0.4670,6206.3156,80.6129,72.8515,3.0195,1.9839,-7.9555,3.4666,46.6320,125.5916,30.3998,13.3456,103.7624,71.9138,128,128.0619,Treadmill,3,10
DiFQuLJHcnVnAAgH7PeYRBIMliv2,1774323038981,1774323068969,W110_1774323008990,91.3199,13.1580,75.0000,125.0000,50.0000,0.0240,0.6186,85.8479,121.5025,57.6271,669.2667,0.1283,496.1902,2703.5664,0.1835,3199.7567,79.8718,65.4014,3.6260,2.5162,-7.5300,3.7273,47.0811,115.3138,28.8961,13.1039,96.5033,76.1887,156,156.0650,Treadmill,3,10
DiFQuLJHcnVnAAgH7PeYRBIMliv2,1774323053988,1774323083984,W111_1774323023990,94.1697,17.0464,75.0000,136.3636,61.3636,0.0783,0.6744,101.3167,142.5443,61.4035,655.2414,0.1546,749.5484,3547.9261,0.2113,4297.4745,80.5280,65.4012,3.9289,2.6963,-7.8566,3.5771,48.6912,121.7490,29.8625,13.3359,104.2474,76.1887,127,127.0169,Treadmill,3,9
DiFQuLJHcnVnAAgH7PeYRBIMliv2,1774323068977,1774323098954,W112_1774323038990,99.3943,20.7485,78.9474,136.3636,57.4163,1.0073,0.5275,114.7083,150.0502,57.4468,627.4167,0.1828,1068.6607,5859.1464,0.1824,6927.8071,80.3736,65.4012,4.0117,3.4519,-6.8840,3.9513,31.7850,75.8797,23.3106,12.0094,61.6669,76.1887,118,118.0905,Treadmill,3,9
DiFQuLJHcnVnAAgH7PeYRBIMliv2,1774323083998,1774323113976,W113_1774323053990,103.6200,21.5687,75.0000,136.3636,61.3636,0.5514,0.4253,119.5392,148.7010,63.8889,603.6757,0.1980,6939.9051,7811.7455,0.8884,14751.6506,80.1121,65.4012,3.9134,4.9806,-5.4144,3.7207,19.9180,29.5144,21.6105,10.8023,22.3191,76.1887,109,109.0800,Treadmill,3,9
DiFQuLJHcnVnAAgH7PeYRBIMliv2,1774323098986,1774323128964,W114_1774323068990,99.0227,18.1107,71.0900,125.0000,53.9100,0.3034,0.3735,114.1883,157.2676,73.3333,626.5484,0.1822,4363.7613,3437.2836,1.2695,7801.0449,80.0410,57.9617,4.1886,4.1364,-5.5303,3.8257,15.6291,18.6036,19.0541,10.3633,8.2187,42.4179,105,105.0788,Treadmill,3,9
DiFQuLJHcnVnAAgH7PeYRBIMliv2,1774323114001,1774323143979,W115_1774323083990,113.7841,21.2865,75.0000,136.3636,61.3636,0.8334,0.4950,113.8429,150.5908,63.2653,548.3800,0.2076,1067.9330,10064.1993,0.1061,11132.1323,79.6767,57.9041,4.5264,4.3834,-6.0081,3.8681,13.0892,14.0326,15.7170,10.2975,7.0739,42.4179,121,121.0908,Treadmill,3,9
DiFQuLJHcnVnAAgH7PeYRBIMliv2,1774323128988,1774323158982,W116_1774323098990,101.5584,15.0733,75.0000,125.0000,50.0000,-0.3990,0.4118,89.6802,122.2921,61.7647,603.9714,0.1485,236.9627,6327.9711,0.0374,6564.9338,79.6854,57.9041,4.8822,4.0078,-6.1075,3.9757,22.0390,27.9334,20.6017,10.8152,22.7758,68.5451,108,108.0216,Treadmill,3,9
DiFQuLJHcnVnAAgH7PeYRBIMliv2,1774323144001,1774323173987,W117_1774323113990,104.4610,20.9452,78.9474,136.3636,57.4163,-1.1706,0.6705,113.8576,107.3785,48.2759,597.0169,0.1907,6800.6184,680.4747,9.9939,7481.0931,79.2957,57.9041,4.5403,2.0217,-7.4608,4.4039,34.3580,62.5616,25.3452,12.0686,55.7578,68.5451,114,114.0551,Treadmill,3,9
DiFQuLJHcnVnAAgH7PeYRBIMliv2,1774323158988,1774323188972,W118_1774323128990,98.6321,19.6545,75.0000,136.3636,61.3636,-0.7439,0.7907,109.0998,115.0302,46.2687,629.8529,0.1732,1483.2870,1870.0085,0.7932,3353.2955,79.3938,65.5691,3.7720,1.8582,-8.4214,3.9160,47.2614,93.3938,34.2431,13.4142,84.6649,68.5451,130,130.0694,Treadmill,3,9
DiFQuLJHcnVnAAgH7PeYRBIMliv2,1774323173989,1774323203959,W119_1774323143990,88.0453,8.7015,75.0000,122.6994,47.6994,-0.0719,0.8148,59.0880,90.8039,46.1538,687.2424,0.0860,192.6877,719.0605,0.2680,911.7482,78.9868,72.5498,2.9528,1.1853,-8.3953,4.0627,50.2592,108.6940,39.3135,13.9042,93.3302,68.5451,145,145.1451,Treadmill,3,9
DiFQuLJHcnVnAAgH7PeYRBIMliv2,1774323187697,1774323216372,W120_1774323158990,89.9398,14.0850,75.0000,136.3636,61.3636,0.2122,0.6735,80.5935,117.3795,49.2308,679.5606,0.1186,388.4097,1785.0483,0.2176,2173.4580,78.7425,67.4938,3.1833,1.9225,-8.1592,3.8971,44.7057,92.8197,32.0193,13.2455,79.5572,64.5027,143,149.6077,Treadmill,3,8
DiFQuLJHcnVnAAgH7PeYRBIMliv2,1774323204003,1774323233979,W121_1774323173990,94.3527,17.6227,78.9474,136.3636,57.4163,0.4528,0.6111,97.3823,139.5509,57.4074,653.9273,0.1489,418.4655,1238.5605,0.3379,1657.0261,78.5639,67.8656,3.8232,2.5608,-7.6258,4.5619,30.4650,63.9140,22.2244,12.1237,55.1429,64.5027,124,124.0993,Treadmill,3,8
DiFQuLJHcnVnAAgH7PeYRBIMliv2,1774323218990,1774323248968,W122_1774323188990,100.4982,21.9233,78.9474,136.3636,57.4163,1.3784,0.4624,120.0466,157.5699,59.5238,623.0233,0.1927,1211.5240,2483.8291,0.4878,3695.3532,78.7869,67.5894,3.7245,2.9104,-6.9748,5.0125,14.1152,27.0082,10.9427,10.6530,20.8221,51.8868,116,116.0851,Treadmill,3,8
DiFQuLJHcnVnAAgH7PeYRBIMliv2,1774323233990,1774323263982,W123_1774323203990,114.9443,20.3399,81.8554,136.3636,54.5082,0.8577,0.3723,105.1310,158.7165,67.6471,540.4571,0.1945,1049.0691,11171.5006,0.0939,12220.5697,78.8390,67.5894,4.0727,3.2949,-7.1609,4.8082,4.9057,4.6169,4.9545,9.9020,1.6815,24.7517,110,110.0312,Treadmill,3,8
DiFQuLJHcnVnAAgH7PeYRBIMliv2,1774323251506,1774323278965,W124_1774323218990,114.6173,19.5714,78.9474,136.3636,57.4163,0.1552,0.4526,103.6490,153.4550,66.6667,541.0000,0.1916,3463.1540,11145.4836,0.3107,14608.6376,78.7582,50.0000,5.4938,2.9029,-7.4876,4.7625,2.6995,5.7494,4.8867,9.9181,2.1390,37.5910,127,138.7548,Treadmill,3,8
DiFQuLJHcnVnAAgH7PeYRBIMliv2,1774323261061,1774323288104,W125_1774323233990,113.6829,18.7502,78.9474,136.3636,57.4163,-0.2858,0.4316,96.0978,136.3228,67.5000,543.4634,0.1768,668.6505,15910.3140,0.0420,16578.9646,79.4292,50.0000,5.4259,3.0141,-7.6147,4.5110,2.4488,5.7300,5.0090,9.9202,2.1955,37.5910,112,124.2489,Treadmill,3,8
DiFQuLJHcnVnAAgH7PeYRBIMliv2,1774323278995,1774323308983,W126_1774323248990,111.2089,20.8342,75.0000,136.3636,61.3636,0.1541,0.4535,115.4577,192.4027,81.5789,560.8462,0.2059,2640.4627,9741.3734,0.2711,12381.8361,79.9482,50.0000,5.7536,2.9935,-6.7081,4.7459,4.3440,15.6875,5.5683,9.9587,2.9084,37.5910,106,106.0442,Treadmill,3,8
DiFQuLJHcnVnAAgH7PeYRBIMliv2,1774323294004,1774323323986,W127_1774323263990,107.6740,18.8108,75.0000,136.3636,61.3636,-0.6504,0.4884,103.0978,157.0871,73.1707,574.9286,0.1793,803.7871,4565.1822,0.1761,5368.9693,79.8212,50.0000,5.6504,2.4223,-6.3420,4.5973,10.5193,22.0919,9.0094,10.1334,6.1583,37.5910,106,106.0636,Treadmill,3,8
DiFQuLJHcnVnAAgH7PeYRBIMliv2,1774323308983,1774323338961,W128_1774323278990,95.5618,14.0329,71.4286,125.0000,53.5714,-0.7670,0.5250,90.5486,127.1875,53.6585,641.0000,0.1413,1122.9642,5751.3344,0.1953,6874.2986,79.9528,56.8034,4.7207,1.7728,-6.5208,4.7160,22.5469,43.3914,17.1659,11.0855,28.1210,54.4772,115,115.0844,Treadmill,3,8
DiFQuLJHcnVnAAgH7PeYRBIMliv2,1774323324845,1774323353957,W129_1774323293990,93.6405,13.3338,75.0000,125.0000,50.0000,-0.4632,0.6364,86.2375,113.3171,54.5455,652.9107,0.1321,1034.0413,2641.3630,0.3915,3675.4044,79.3656,56.8034,4.5724,1.4443,-6.9357,4.4439,30.5110,62.5660,24.2479,11.8169,47.6234,59.3222,146,150.4560,Treadmill,3,8
DiFQuLJHcnVnAAgH7PeYRBIMliv2,1774323339006,1774323368989,W130_1774323308990,91.9443,12.3697,75.0000,125.0000,50.0000,-0.1524,0.7160,82.0608,105.6178,50.8772,663.5000,0.1237,550.5216,1279.0303,0.4304,1829.5519,79.6115,56.8034,4.7099,1.2182,-7.7348,4.1620,37.2318,69.3582,29.4209,12.4040,60.7843,59.3222,126,126.0714,Treadmill,2,7
DiFQuLJHcnVnAAgH7PeYRBIMliv2,1774323353994,1774323383962,W131_1774323323990,89.2912,9.7505,75.0000,115.3846,40.3846,0.1626,0.6747,67.5666,99.4973,54.5455,679.2857,0.0995,355.1205,3692.4833,0.0962,4047.6038,79.1840,66.4243,4.0489,1.9725,-8.0239,3.9654,39.9616,77.7916,33.3088,12.8171,70.7806,59.3222,126,126.1345,Treadmill,2,7
DiFQuLJHcnVnAAgH7PeYRBIMliv2,1774323368989,1774323398978,W132_1774323338990,91.1242,12.3449,75.0000,125.0000,50.0000,0.1102,0.7143,81.2605,114.8029,57.6271,669.3500,0.1214,244.9510,1697.6943,0.1443,1942.6453,78.5804,66.4243,4.0254,1.9039,-8.2928,3.9263,44.0409,89.3361,38.4154,13.3901,80.3090,59.3222,124,124.0476,Treadmill,2,7
DiFQuLJHcnVnAAgH7PeYRBIMliv2,1774323383974,1774323413951,W133_1774323353990,95.1843,16.7649,75.0000,136.3636,61.3636,0.0087,0.6552,94.6360,138.3351,57.1429,646.8246,0.1463,301.1161,7686.8087,0.0392,7987.9247,78.2794,50.0000,5.3037,2.0278,-8.2010,3.5033,52.2250,96.8033,43.8499,13.8338,85.1464,72.9842,124,124.0951,Treadmill,2,7
DiFQuLJHcnVnAAgH7PeYRBIMliv2,1774323399005,1774323428982,W134_1774323368990,97.0342,18.0659,75.0000,136.3636,61.3636,-0.0877,0.6275,102.5984,142.6905,61.9048,637.1875,0.1610,309.5022,5108.4144,0.0606,5417.9166,77.3102,50.0000,4.9208,2.0138,-8.2679,3.5600,55.6414,101.5512,43.0884,13.9706,90.1910,72.9842,153,153.1199,Treadmill,2,7
DiFQuLJHcnVnAAgH7PeYRBIMliv2,1774323413985,1774323443968,W135_1774323383990,91.3140,11.9733,75.0000,125.0000,50.0000,-0.0592,0.4943,79.0151,111.5973,47.6190,667.3256,0.1184,767.0983,3095.9529,0.2478,3863.0511,77.7880,50.0000,4.9855,1.6328,-7.9958,3.7483,59.2670,112.3631,44.2757,14.2112,94.5975,72.9842,127,127.0720,Treadmill,2,6
DiFQuLJHcnVnAAgH7PeYRBIMliv2,1774323429002,1774323458987,W136_1774323398990,97.3944,19.6708,77.1208,136.3636,59.2428,0.5034,0.3191,108.4408,132.2352,58.6207,637.7000,0.1700,431.4266,17821.4545,0.0242,18252.8811,78.3722,50.0000,5.1248,2.4948,-7.3821,3.8399,44.2849,79.2724,30.8957,12.6757,69.2434,72.9842,125,125.0646,Treadmill,2,6
DiFQuLJHcnVnAAgH7PeYRBIMliv2,1774323443985,1774323473979,W137_1774323413990,130.6567,22.5387,86.5801,150.0000,63.4199,1.1648,0.4902,98.4437,89.5298,34.6939,476.0400,0.2068,6589.1715,6793.5550,0.9699,13382.7265,78.6998,67.3364,4.2599,3.6902,-6.5071,4.7377,24.1247,41.8475,14.3355,11.1056,35.3795,59.6155,108,108.0216,Treadmill,2,6
DiFQuLJHcnVnAAgH7PeYRBIMliv2,1774323458995,1774323488968,W138_1774323428990,133.3602,20.6110,86.7052,150.0000,63.2948,-1.5271,0.5000,88.6348,102.0239,37.5000,463.4490,0.1913,3390.0061,1040.4777,3.2581,4430.4837,78.7415,59.8178,4.5475,3.9713,-6.1982,4.6902,18.0302,34.2729,12.0186,10.7536,24.8695,61.1458,109,109.0982,Treadmill,2,6
DiFQuLJHcnVnAAgH7PeYRBIMliv2,1774323473554,1774323503100,W139_1774323443990,105.7817,21.7458,81.0811,147.4201,66.3391,-1.3660,0.4340,115.9292,125.1355,44.4444,590.8913,0.1962,4952.9189,2776.0863,1.7841,7729.0052,78.8183,59.8178,4.2214,3.6419,-7.0590,4.3429,29.1450,51.1013,16.7767,11.5603,45.3374,61.1458,126,127.9361,Treadmill,2,5
DiFQuLJHcnVnAAgH7PeYRBIMliv2,1774323489008,1774323518989,W140_1774323458990,103.5579,21.0523,78.9474,136.3636,57.4163,-0.5106,0.6364,116.8766,141.6182,54.5455,602.9643,0.1938,759.1081,7671.8092,0.0989,8430.9173,78.3521,59.8178,4.4485,3.5101,-6.7061,4.3073,37.7238,68.1599,23.8230,12.1877,57.0129,61.5531,110,110.0697,Treadmill,2,5
DiFQuLJHcnVnAAgH7PeYRBIMliv2,1774323504004,1774323533990,W141_1774323473990,92.6928,14.2776,71.4286,125.0000,53.5714,0.0431,0.7073,92.3394,148.4517,56.1404,661.3103,0.1396,680.0020,3188.0845,0.2133,3868.0865,77.7032,59.8170,3.9339,2.4208,-7.8015,3.3131,63.3750,109.3320,39.3633,14.0380,92.7039,61.5531,132,132.0638,Treadmill,2,5
DiFQuLJHcnVnAAgH7PeYRBIMliv2,1774323518996,1774323548984,W142_1774323488990,92.7342,13.2657,71.3436,125.0000,53.6564,-0.0928,0.7952,86.6328,127.1056,53.8462,659.2273,0.1314,571.2190,6215.8383,0.0919,6787.0573,78.2649,62.9540,4.4979,1.3290,-8.0310,2.9575,70.0286,128.1954,38.8005,14.4339,103.6965,66.7296,134,134.0536,Treadmill,2,5
DiFQuLJHcnVnAAgH7PeYRBIMliv2,1774323537359,1774323563974,W143_1774323503990,91.8098,12.7301,71.3436,125.0000,53.6564,-0.1515,0.7976,85.3180,124.3725,53.0303,665.1791,0.1283,338.8098,6258.8087,0.0541,6597.6186,77.3194,62.9540,4.4846,1.2855,-7.7546,3.1790,65.1504,123.2918,38.0678,14.1272,98.8233,66.7296,151,170.2080,Treadmill,2,5
DiFQuLJHcnVnAAgH7PeYRBIMliv2,1774323546909,1774323574790,W144_1774323518990,91.9461,12.9123,71.3436,125.0000,53.6564,-0.0371,0.7333,84.8556,118.1244,49.2308,664.2879,0.1277,863.3704,6182.9753,0.1396,7046.3457,76.8780,53.5365,4.9546,1.2835,-8.0389,3.2086,62.3379,115.8275,34.6370,13.8867,96.5282,66.7296,143,153.8710,Treadmill,2,5
DiFQuLJHcnVnAAgH7PeYRBIMliv2,1774323563989,1774323593989,W145_1774323533990,90.9434,13.1943,71.4286,125.0000,53.5714,-0.0492,0.6747,89.5343,120.3519,54.5455,672.5714,0.1331,428.8450,5546.0919,0.0773,5974.9369,77.5707,50.0000,5.6955,1.0346,-6.6991,3.2685,42.9556,105.2107,28.4568,12.6841,72.3691,66.7296,126,126.0021,Treadmill,2,5
DiFQuLJHcnVnAAgH7PeYRBIMliv2,1774323578997,1774323608971,W146_1774323548990,92.7201,15.9380,71.4286,125.0000,53.5714,0.1123,0.5176,104.1776,167.0861,65.1163,664.8182,0.1567,2111.4232,4844.3340,0.4359,6955.7571,78.4420,50.0000,5.8775,2.0404,-6.2069,4.0996,24.3777,64.2125,23.1414,11.4325,40.5258,55.2337,115,115.1017,Treadmill,2,5
DiFQuLJHcnVnAAgH7PeYRBIMliv2,1774323593984,1774323623955,W147_1774323563990,95.3361,16.0018,75.0000,131.5789,56.5789,-0.2435,0.3708,101.7135,172.7954,71.8750,646.2424,0.1574,3019.2644,4044.8611,0.7464,7064.1256,79.2241,50.0000,5.8854,1.5528,-5.3025,4.5250,21.4471,60.6341,21.8490,10.9443,35.1555,86.4745,111,111.1093,Treadmill,2,5
DiFQuLJHcnVnAAgH7PeYRBIMliv2,1774323610704,1774323638986,W148_1774323578990,92.4559,13.2565,75.0000,125.0000,50.0000,-0.3985,0.5161,86.7707,142.0004,57.4468,661.2708,0.1312,1289.5577,1995.4302,0.6463,3284.9879,79.8591,61.9596,4.9499,1.0682,-6.0580,4.1673,34.5554,101.9283,28.4969,12.2091,71.1241,86.4745,139,147.4462,Treadmill,2,5
DiFQuLJHcnVnAAgH7PeYRBIMliv2,1774323620247,1774323646466,W149_1774323593990,91.6382,12.2933,75.0000,125.0000,50.0000,-0.2675,0.5930,81.1110,132.7791,56.0000,665.5098,0.1219,937.7809,1809.7618,0.5182,2747.5427,79.8937,50.0000,5.8983,1.1380,-6.8411,4.7170,39.2995,109.0147,26.7353,12.6111,86.3561,86.4745,122,139.5961,Treadmill,2,5
DiFQuLJHcnVnAAgH7PeYRBIMliv2,1774323638990,1774323668970,W150_1774323608990,90.1422,10.0029,71.4286,121.9512,50.5226,-0.0897,0.7262,66.9955,100.7123,41.6667,672.9672,0.0996,555.6387,759.5025,0.7316,1315.1412,79.5891,50.0000,5.2256,0.7605,-7.6058,3.9756,58.7092,155.4545,40.7273,14.3007,124.6134,86.4745,135,135.0923,Treadmill,2,5
DiFQuLJHcnVnAAgH7PeYRBIMliv2,1774323653974,1774323683954,W151_1774323623990,88.9387,9.2921,71.4286,125.0000,53.5714,0.0014,0.8625,61.1397,96.5746,35.2941,680.9275,0.0898,563.5341,2203.4197,0.2558,2766.9538,79.6254,50.0000,5.1957,1.4962,-9.0194,3.0238,69.9104,180.1705,40.2785,15.3761,146.6660,79.7120,138,138.0944,Treadmill,2,5
DiFQuLJHcnVnAAgH7PeYRBIMliv2,1774323668999,1774323698972,W152_1774323638990,89.1956,10.0591,68.1818,125.0000,56.8182,-0.0504,0.8861,67.4053,105.6443,33.3333,680.1571,0.0991,204.2576,2537.1422,0.0805,2741.3998,79.4392,50.0000,5.3074,1.9099,-9.1397,3.0105,72.6760,178.2744,41.3258,15.5427,146.9467,79.7120,136,136.1225,Treadmill,2,5
DiFQuLJHcnVnAAgH7PeYRBIMliv2,1774323684021,1774323713964,W153_1774323653990,88.3027,9.8653,68.1818,125.0000,56.8182,-0.0869,0.9326,66.6754,106.6616,34.1463,686.7831,0.0971,349.8509,1994.0484,0.1754,2343.8992,79.0568,68.8656,4.2207,2.1801,-9.0860,2.9640,76.9587,179.7621,40.9390,15.7138,146.8297,79.7120,168,168.3198,Treadmill,2,5
